[
  {
    "id": "AP001",
    "name": "Chicken Inasal",
    "category": "Appetizers",
    "price": 120,
    "image": "/assets/appetizers/chicken-inasal.jpg",
    "description": "Grilled chicken marinated in a mixture of calamansi, pepper, vinegar, and annatto oil.",
    "rating": 3.1,
    "stock": 25,
    "sold": 90,
    "wishlisted": false,
    "dateAdded": "2025-09-20"
  },
  {
    "id": "AP002",
    "name": "Dynamite Lumpia",
    "category": "Appetizers",
    "price": 90,
    "image": "/assets/appetizers/dynamite-lumpia.jpeg",
    "description": "Crispy fried lumpia stuffed with cheese and green chili peppers for a spicy kick.",
    "rating": 2.8,
    "stock": 30,
    "sold": 110,
    "wishlisted": false,
    "dateAdded": "2025-10-05"
  },
  {
    "id": "AP003",
    "name": "Lumpiang Shanghai",
    "category": "Appetizers",
    "price": 70,
    "image": "/assets/appetizers/lumpiang-shanghai.jpg",
    "description": "Classic Filipino spring rolls filled with ground pork and vegetables, served with sweet chili sauce.",
    "rating": 3.2,
    "stock": 45,
    "sold": 150,
    "wishlisted": false,
    "dateAdded": "2025-08-15"
  },
  {
    "id": "AP004",
    "name": "Tokwat Baboy",
    "category": "Appetizers",
    "price": 100,
    "image": "/assets/appetizers/tokwat-baboy.jpg",
    "description": "Boiled pork and tofu cubes mixed in soy sauce, vinegar, and onion dressing.",
    "rating": 4.3,
    "stock": 20,
    "sold": 70,
    "wishlisted": false,
    "dateAdded": "2025-09-10"
  },
  {
    "id": "AP005",
    "name": "Ukoy",
    "category": "Appetizers",
    "price": 60,
    "image": "/assets/appetizers/ukoy.jpg",
    "description": "Crispy shrimp fritters mixed with julienned vegetables and flour batter.",
    "rating": 3.0,
    "stock": 35,
    "sold": 60,
    "wishlisted": false,
    "dateAdded": "2025-07-25"
  },

  {
    "id": "MC001",
    "name": "Chicken Adobo",
    "category": "Main Course",
    "price": 140,
    "image": "/assets/mainCourse/chicken-adobo.jpeg",
    "description": "Tender chicken stewed in soy sauce, vinegar, garlic, and bay leaves — a Filipino classic.",
    "rating": 3.5,
    "stock": 40,
    "sold": 200,
    "wishlisted": false,
    "dateAdded": "2025-09-18"
  },
  {
    "id": "MC002",
    "name": "Kare-Kare",
    "category": "Main Course",
    "price": 180,
    "image": "/assets/mainCourse/kare-kare.jpg",
    "description": "Rich peanut stew made with oxtail, vegetables, and served with bagoong (shrimp paste).",
    "rating": 4.6,
    "stock": 25,
    "sold": 160,
    "wishlisted": false,
    "dateAdded": "2025-10-15"
  },
  {
    "id": "MC003",
    "name": "Lechon",
    "category": "Main Course",
    "price": 250,
    "image": "/assets/mainCourse/lechon.jpg",
    "description": "Crispy roasted pig with tender meat, traditionally served during celebrations.",
    "rating": 3.3,
    "stock": 15,
    "sold": 130,
    "wishlisted": false,
    "dateAdded": "2025-09-05"
  },
  {
    "id": "MC004",
    "name": "Pancit Canton",
    "category": "Main Course",
    "price": 110,
    "image": "/assets/mainCourse/pancit-canton.jpg",
    "description": "Stir-fried noodles with vegetables, shrimp, and meat in a savory soy-based sauce.",
    "rating": 2.6,
    "stock": 30,
    "sold": 100,
    "wishlisted": false,
    "dateAdded": "2025-08-28"
  },
  {
    "id": "MC005",
    "name": "Sinigang na Baboy",
    "category": "Main Course",
    "price": 130,
    "image": "/assets/mainCourse/sinigang-baboy.jpg",
    "description": "Pork belly soup in a sour tamarind broth with assorted vegetables.",
    "rating": 3.0,
    "stock": 25,
    "sold": 140,
    "wishlisted": false,
    "dateAdded": "2025-07-30"
  },

  {
    "id": "DS001",
    "name": "Bibingka",
    "category": "Desserts",
    "price": 60,
    "image": "/assets/desserts/bibingka.jpg",
    "description": "Traditional rice cake cooked in banana leaves, topped with cheese and salted egg.",
    "rating": 2.9,
    "stock": 50,
    "sold": 90,
    "wishlisted": false,
    "dateAdded": "2025-08-01"
  },
  {
    "id": "DS002",
    "name": "Halo-Halo",
    "category": "Desserts",
    "price": 90,
    "image": "/assets/desserts/halo-halo.jpg",
    "description": "A mix of shaved ice, sweetened fruits, jellies, beans, leche flan, and ube ice cream.",
    "rating": 3.4,
    "stock": 40,
    "sold": 200,
    "wishlisted": false,
    "dateAdded": "2025-09-25"
  },
  {
    "id": "DS003",
    "name": "Leche Flan",
    "category": "Desserts",
    "price": 70,
    "image": "/assets/desserts/leche-flan.jpg",
    "description": "Creamy caramel custard dessert made with eggs, milk, and sugar.",
    "rating": 3.1,
    "stock": 45,
    "sold": 180,
    "wishlisted": false,
    "dateAdded": "2025-07-12"
  },
  {
    "id": "DS004",
    "name": "Turon",
    "category": "Desserts",
    "price": 50,
    "image": "/assets/desserts/turon.jpg",
    "description": "Crispy fried banana rolls coated with caramelized sugar.",
    "rating": 2.8,
    "stock": 60,
    "sold": 170,
    "wishlisted": false,
    "dateAdded": "2025-09-01"
  },
  {
    "id": "DS005",
    "name": "Ube Halaya",
    "category": "Desserts",
    "price": 85,
    "image": "/assets/desserts/ube-halaya.jpg",
    "description": "Sweet purple yam jam made with condensed milk and butter.",
    "rating": 4.2,
    "stock": 35,
    "sold": 130,
    "wishlisted": false,
    "dateAdded": "2025-10-10"
  },

  {
    "id": "SF001",
    "name": "Banana Cue",
    "category": "Street Foods",
    "price": 30,
    "image": "/assets/streetFoods/bananacue.jpg",
    "description": "Deep-fried bananas coated in caramelized brown sugar on a stick.",
    "rating": 2.7,
    "stock": 50,
    "sold": 200,
    "wishlisted": false,
    "dateAdded": "2025-08-18"
  },
  {
    "id": "SF002",
    "name": "Fishball",
    "category": "Street Foods",
    "price": 25,
    "image": "/assets/streetFoods/fishball.jpg",
    "description": "Popular street snack of fried fishballs served with sweet or spicy sauce.",
    "rating": 3.0,
    "stock": 60,
    "sold": 180,
    "wishlisted": false,
    "dateAdded": "2025-09-12"
  },
  {
    "id": "SF003",
    "name": "Isaw",
    "category": "Street Foods",
    "price": 25,
    "image": "/assets/streetFoods/isaw.jpg",
    "description": "Grilled chicken or pork intestines glazed with savory barbecue sauce.",
    "rating": 4.8,
    "stock": 40,
    "sold": 160,
    "wishlisted": false,
    "dateAdded": "2025-10-18"
  },
  {
    "id": "SF004",
    "name": "Kwek-Kwek",
    "category": "Street Foods",
    "price": 30,
    "image": "/assets/streetFoods/kwek-kwek.jpeg",
    "description": "Deep-fried orange-battered quail eggs served with vinegar or spicy sauce.",
    "rating": 3.2,
    "stock": 45,
    "sold": 170,
    "wishlisted": false,
    "dateAdded": "2025-07-09"
  },
  {
    "id": "SF005",
    "name": "Taho",
    "category": "Street Foods",
    "price": 20,
    "image": "/assets/streetFoods/taho.jpeg",
    "description": "Soft tofu dessert with arnibal (brown sugar syrup) and sago pearls.",
    "rating": 3.1,
    "stock": 50,
    "sold": 220,
    "wishlisted": false,
    "dateAdded": "2025-08-28"
  },

  {
    "id": "DR001",
    "name": "Buko Pandan",
    "category": "Drinks",
    "price": 50,
    "image": "/assets/drinks/bukoPandan.jpg",
    "description": "Refreshing drink with young coconut, pandan jelly, and creamy milk.",
    "rating": 4.0,
    "stock": 40,
    "sold": 150,
    "wishlisted": false,
    "dateAdded": "2025-09-08"
  },
  {
    "id": "DR002",
    "name": "Calamansi Juice",
    "category": "Drinks",
    "price": 35,
    "image": "/assets/drinks/calamansi juice.jpeg",
    "description": "Freshly squeezed calamansi juice with a perfect balance of sweet and tangy.",
    "rating": 2.9,
    "stock": 50,
    "sold": 120,
    "wishlisted": false,
    "dateAdded": "2025-07-29"
  },
  {
    "id": "DR003",
    "name": "Sago't Gulaman",
    "category": "Drinks",
    "price": 40,
    "image": "/assets/drinks/SagoGulaman.jpg",
    "description": "Sweet beverage with brown sugar syrup, sago pearls, and gelatin cubes.",
    "rating": 3.2,
    "stock": 45,
    "sold": 140,
    "wishlisted": false,
    "dateAdded": "2025-08-11"
  },
  {
    "id": "DR004",
    "name": "Taho Drink",
    "category": "Drinks",
    "price": 45,
    "image": "/assets/drinks/Taho.png",
    "description": "Classic warm drink with silky tofu, sweet syrup, and chewy sago pearls.",
    "rating": 4.5,
    "stock": 30,
    "sold": 160,
    "wishlisted": false,
    "dateAdded": "2025-10-02"
  }
]
