[
  {
    "transactionId": 1,
    "user": "username@gmail.com",
    "items": [
      { "id": 101, "name": "Lechon", "quantity": 2, "price": 250 },
      { "id": 104, "name": "Sinigang Baboy", "quantity": 1, "price": 200 }
    ],
    "total": 700,
    "date": "2025-10-15"
  },
  {
    "transactionId": 2,
    "user": "username@gmail.com",
    "items": [
      { "id": 203, "name": "Halo-Halo", "quantity": 3, "price": 120 },
      { "id": 207, "name": "Bibingka", "quantity": 1, "price": 90 }
    ],
    "total": 450,
    "date": "2025-10-16"
  },
  {
    "transactionId": 3,
    "user": "admin@gmail.com",
    "items": [
      { "id": 305, "name": "Tokwat Baboy", "quantity": 2, "price": 150 },
      { "id": 309, "name": "Dynamite Lumpia", "quantity": 4, "price": 75 }
    ],
    "total": 600,
    "date": "2025-10-17"
  }
]
